"Epochs : 100, mini batch size : 10, alpha 0.1, epsilon : 0.0005","[array([82.39456275]), array([[ 2.69276346],
       [ 0.01751571],
       [ 0.01495989],
       ...,
       [-1.04699147],
       [-0.93452447],
       [-1.0879391 ]]), array([17.72440303])]"
"Epochs : 100, mini batch size : 50, alpha 0.1, epsilon : 0.0005","[array([98.04187684]), array([[ 2.31268059],
       [-0.09769785],
       [-0.08938718],
       ...,
       [-1.03796817],
       [-0.74522597],
       [-0.99689704]]), array([4.96964323])]"
"Epochs : 100, mini batch size : 100, alpha 0.1, epsilon : 0.0005","[array([105.96153779]), array([[ 2.08415938],
       [-0.241987  ],
       [-0.21007183],
       ...,
       [-0.98163739],
       [-0.67697021],
       [-0.95672677]]), array([2.6736246])]"
"Epochs : 100, mini batch size : 200, alpha 0.1, epsilon : 0.0005","[array([115.34490998]), array([[ 1.8971878 ],
       [-0.38149246],
       [-0.32433635],
       ...,
       [-0.94031126],
       [-0.62879361],
       [-0.92439964]]), array([1.40434284])]"
"Epochs : 200, mini batch size : 10, alpha 0.1, epsilon : 0.0005","[array([77.13181158]), array([[ 2.88390061],
       [-0.00871937],
       [-0.00388111],
       ...,
       [-0.98609181],
       [-1.06581043],
       [-1.21888909]]), array([26.56708424])]"
"Epochs : 200, mini batch size : 50, alpha 0.1, epsilon : 0.0005","[array([91.57657549]), array([[ 2.56370638],
       [-0.01816268],
       [-0.01473772],
       ...,
       [-1.10048277],
       [-0.83467576],
       [-1.05039552]]), array([8.90025909])]"
"Epochs : 200, mini batch size : 100, alpha 0.1, epsilon : 0.0005","[array([98.09574076]), array([[ 2.32088706],
       [-0.09898089],
       [-0.09048044],
       ...,
       [-1.0424802 ],
       [-0.74811544],
       [-1.00037334]]), array([4.96814963])]"
"Epochs : 200, mini batch size : 200, alpha 0.1, epsilon : 0.0005","[array([105.87823657]), array([[ 2.08620171],
       [-0.24227422],
       [-0.21022143],
       ...,
       [-0.98277795],
       [-0.67799447],
       [-0.95799755]]), array([2.67347878])]"
"Epochs : 400, mini batch size : 10, alpha 0.1, epsilon : 0.0005","[array([85.40937228]), array([[ 3.00368375],
       [ 0.01481064],
       [ 0.02685406],
       ...,
       [-0.85481366],
       [-1.15779536],
       [-1.29222671]]), array([34.1999])]"
"Epochs : 400, mini batch size : 50, alpha 0.1, epsilon : 0.0005","[array([86.38768972]), array([[ 2.86578976],
       [-0.04046842],
       [-0.02356   ],
       ...,
       [-1.15069549],
       [-0.96073145],
       [-1.1564114 ]]), array([15.10508622])]"
"Epochs : 400, mini batch size : 100, alpha 0.1, epsilon : 0.0005","[array([91.69580529]), array([[ 2.5791605 ],
       [-0.02146189],
       [-0.01777683],
       ...,
       [-1.10723114],
       [-0.83903179],
       [-1.05694762]]), array([8.89488664])]"
"Epochs : 400, mini batch size : 200, alpha 0.1, epsilon : 0.0005","[array([97.88975597]), array([[ 2.32497103],
       [-0.09943548],
       [-0.09080826],
       ...,
       [-1.04384736],
       [-0.74901312],
       [-1.00205467]]), array([4.96716653])]"
"Epochs : 500, mini batch size : 10, alpha 0.1, epsilon : 0.0005","[array([75.62448222]), array([[ 3.01076344],
       [ 0.03274728],
       [ 0.05109175],
       ...,
       [-0.80290819],
       [-1.17412018],
       [-1.2716088 ]]), array([35.83596615])]"
"Epochs : 500, mini batch size : 50, alpha 0.1, epsilon : 0.0005","[array([82.54252159]), array([[ 2.98519032],
       [-0.06908293],
       [-0.04302556],
       ...,
       [-1.1625247 ],
       [-1.01373615],
       [-1.21123807]]), array([17.62312213])]"
"Epochs : 500, mini batch size : 100, alpha 0.1, epsilon : 0.0005","[array([88.89072379]), array([[ 2.6721506 ],
       [-0.01744353],
       [-0.01080707],
       ...,
       [-1.12668989],
       [-0.87536837],
       [-1.08396224]]), array([10.62244318])]"
"Epochs : 500, mini batch size : 200, alpha 0.1, epsilon : 0.0005","[array([95.4093982]), array([[ 2.40682491],
       [-0.06435379],
       [-0.05967282],
       ...,
       [-1.06539494],
       [-0.7759784 ],
       [-1.01811896]]), array([6.02064603])]"
"Epochs : 100, mini batch size : 10, alpha 0.2, epsilon : 0.0005","[array([81.85456451]), array([[ 2.39235529],
       [ 0.11199471],
       [ 0.07685909],
       ...,
       [-0.91579097],
       [-0.84292819],
       [-0.9544474 ]]), array([17.83377141])]"
"Epochs : 100, mini batch size : 50, alpha 0.2, epsilon : 0.0005","[array([98.08099556]), array([[ 2.29787853],
       [-0.09431377],
       [-0.08669897],
       ...,
       [-1.03031039],
       [-0.74016408],
       [-0.98953425]]), array([4.971369])]"
"Epochs : 100, mini batch size : 100, alpha 0.2, epsilon : 0.0005","[array([106.05170922]), array([[ 2.08057455],
       [-0.24105312],
       [-0.20928998],
       ...,
       [-0.97971917],
       [-0.67569921],
       [-0.95485309]]), array([2.673896])]"
"Epochs : 100, mini batch size : 200, alpha 0.2, epsilon : 0.0005","[array([115.45065266]), array([[ 1.89633097],
       [-0.38122563],
       [-0.32410902],
       ...,
       [-0.93983889],
       [-0.62848233],
       [-0.92393425]]), array([1.40439045])]"
"Epochs : 200, mini batch size : 10, alpha 0.2, epsilon : 0.0005","[array([76.47167651]), array([[ 2.37869206],
       [ 0.17856511],
       [ 0.11143083],
       ...,
       [-0.8020337 ],
       [-0.91410135],
       [-1.00030749]]), array([26.80642393])]"
"Epochs : 200, mini batch size : 50, alpha 0.2, epsilon : 0.0005","[array([91.55696398]), array([[ 2.53390472],
       [-0.01085936],
       [-0.00947216],
       ...,
       [-1.08573453],
       [-0.82501574],
       [-1.03634995]]), array([8.90603679])]"
"Epochs : 200, mini batch size : 100, alpha 0.2, epsilon : 0.0005","[array([98.17044544]), array([[ 2.31344255],
       [-0.09727897],
       [-0.0891288 ],
       ...,
       [-1.03862759],
       [-0.74556988],
       [-0.99666968]]), array([4.96901518])]"
"Epochs : 200, mini batch size : 200, alpha 0.2, epsilon : 0.0005","[array([105.97998356]), array([[ 2.0844065 ],
       [-0.24180675],
       [-0.20983011],
       ...,
       [-0.98181737],
       [-0.6773579 ],
       [-0.95705916]]), array([2.67361443])]"
"Epochs : 400, mini batch size : 10, alpha 0.2, epsilon : 0.0005","[array([84.24046373]), array([[ 2.26109338],
       [ 0.29945023],
       [ 0.18789774],
       ...,
       [-0.65382419],
       [-0.93363361],
       [-1.00664638]]), array([34.59379159])]"
"Epochs : 400, mini batch size : 50, alpha 0.2, epsilon : 0.0005","[array([86.29279035]), array([[ 2.80654354],
       [-0.02226248],
       [-0.01150192],
       ...,
       [-1.12380625],
       [-0.94278302],
       [-1.12977373]]), array([15.12232477])]"
"Epochs : 400, mini batch size : 100, alpha 0.2, epsilon : 0.0005","[array([91.74291076]), array([[ 2.56409049],
       [-0.01776255],
       [-0.01510945],
       ...,
       [-1.09977384],
       [-0.83414966],
       [-1.04984716]]), array([8.89778495])]"
"Epochs : 400, mini batch size : 200, alpha 0.2, epsilon : 0.0005","[array([97.9840338]), array([[ 2.32123764],
       [-0.09858218],
       [-0.09013077],
       ...,
       [-1.04191594],
       [-0.74773681],
       [-1.00019753]]), array([4.96759857])]"
"Epochs : 500, mini batch size : 10, alpha 0.2, epsilon : 0.0005","[array([74.90234483]), array([[ 2.20991306],
       [ 0.33808499],
       [ 0.21818578],
       ...,
       [-0.6153753 ],
       [-0.93153998],
       [-0.98807809]]), array([36.25584224])]"
"Epochs : 500, mini batch size : 50, alpha 0.2, epsilon : 0.0005","[array([82.44063074]), array([[ 2.91114075],
       [-0.04445851],
       [-0.02705846],
       ...,
       [-1.13026872],
       [-0.99174685],
       [-1.17826858]]), array([17.6466652])]"
"Epochs : 500, mini batch size : 100, alpha 0.2, epsilon : 0.0005","[array([88.92937437]), array([[ 2.65329988],
       [-0.01251108],
       [-0.00735941],
       ...,
       [-1.11756327],
       [-0.86939177],
       [-1.07522945]]), array([10.62664343])]"
"Epochs : 500, mini batch size : 200, alpha 0.2, epsilon : 0.0005","[array([95.49997059]), array([[ 2.40212423],
       [-0.06328164],
       [-0.05884518],
       ...,
       [-1.06299227],
       [-0.77439572],
       [-1.01582069]]), array([6.02128529])]"
"Epochs : 100, mini batch size : 10, alpha 0.4, epsilon : 0.0005","[array([81.32406399]), array([[ 1.92495022],
       [ 0.24710563],
       [ 0.16684459],
       ...,
       [-0.7129047 ],
       [-0.69661418],
       [-0.74795256]]), array([18.03383534])]"
"Epochs : 100, mini batch size : 50, alpha 0.4, epsilon : 0.0005","[array([98.15384993]), array([[ 2.26860586],
       [-0.08763939],
       [-0.08139523],
       ...,
       [-1.0151709 ],
       [-0.73015282],
       [-0.97497827]]), array([4.97480804])]"
"Epochs : 100, mini batch size : 100, alpha 0.4, epsilon : 0.0005","[array([106.22976088]), array([[ 2.07342547],
       [-0.23919155],
       [-0.20773137],
       ...,
       [-0.97589404],
       [-0.67316457],
       [-0.95111676]]), array([2.67443838])]"
"Epochs : 100, mini batch size : 200, alpha 0.4, epsilon : 0.0005","[array([115.66148923]), array([[ 1.89461855],
       [-0.38069238],
       [-0.32365473],
       ...,
       [-0.93889486],
       [-0.62786023],
       [-0.92300416]]), array([1.40448564])]"
"Epochs : 200, mini batch size : 10, alpha 0.4, epsilon : 0.0005","[array([76.09376173]), array([[ 1.73752284],
       [ 0.3815607 ],
       [ 0.2423688 ],
       ...,
       [-0.57207407],
       [-0.70751468],
       [-0.72384143]]), array([27.2070315])]"
"Epochs : 200, mini batch size : 50, alpha 0.4, epsilon : 0.0005","[array([91.51371616]), array([[ 2.47559234e+00],
       [ 3.34150121e-03],
       [ 7.73846618e-04],
       ...,
       [-1.05689275e+00],
       [-8.06099383e-01],
       [-1.00888462e+00]]), array([8.91750104])]"
"Epochs : 200, mini batch size : 100, alpha 0.4, epsilon : 0.0005","[array([98.31590367]), array([[ 2.29863717],
       [-0.09389879],
       [-0.08644386],
       ...,
       [-1.03096681],
       [-0.74050716],
       [-0.98930518]]), array([4.97074312])]"
"Epochs : 200, mini batch size : 200, alpha 0.4, epsilon : 0.0005","[array([106.18223289]), array([[ 2.08082126],
       [-0.24087335],
       [-0.20904875],
       ...,
       [-0.97989904],
       [-0.67608661],
       [-0.95518514]]), array([2.67388562])]"
"Epochs : 400, mini batch size : 10, alpha 0.4, epsilon : 0.0005","[array([84.00719628]), array([[ 1.56308893],
       [ 0.49838608],
       [ 0.31448872],
       ...,
       [-0.47123131],
       [-0.68835973],
       [-0.72445938]]), array([35.12618803])]"
"Epochs : 400, mini batch size : 50, alpha 0.4, epsilon : 0.0005","[array([86.10987591]), array([[ 2.69295523],
       [ 0.01224184],
       [ 0.01139442],
       ...,
       [-1.07230336],
       [-0.90825693],
       [-1.07875758]]), array([15.15627607])]"
"Epochs : 400, mini batch size : 100, alpha 0.4, epsilon : 0.0005","[array([91.83102667]), array([[ 2.5342791 ],
       [-0.01046725],
       [-0.00984732],
       ...,
       [-1.08502591],
       [-0.82448812],
       [-1.03580553]]), array([8.90355857])]"
"Epochs : 400, mini batch size : 200, alpha 0.4, epsilon : 0.0005","[array([98.17027704]), array([[ 2.31379188],
       [-0.09688153],
       [-0.08878037],
       ...,
       [-1.03806426],
       [-0.74519132],
       [-0.996494  ]]), array([4.96846189])]"
"Epochs : 500, mini batch size : 10, alpha 0.4, epsilon : 0.0005","[array([74.73580623]), array([[ 1.5306707 ],
       [ 0.51999988],
       [ 0.33362656],
       ...,
       [-0.46035717],
       [-0.68351088],
       [-0.72147062]]), array([36.76480403])]"
"Epochs : 500, mini batch size : 50, alpha 0.4, epsilon : 0.0005","[array([82.24873459]), array([[ 2.77056777e+00],
       [ 1.65430164e-03],
       [ 2.92324071e-03],
       ...,
       [-1.06910760e+00],
       [-9.49796462e-01],
       [-1.11575399e+00]]), array([17.69286914])]"
"Epochs : 500, mini batch size : 100, alpha 0.4, epsilon : 0.0005","[array([88.99977975]), array([[ 2.61610651e+00],
       [-2.81645796e-03],
       [-5.79896518e-04],
       ...,
       [-1.09956187e+00],
       [-8.57591962e-01],
       [-1.05800576e+00]]), array([10.63500242])]"
"Epochs : 500, mini batch size : 200, alpha 0.4, epsilon : 0.0005","[array([95.67831964]), array([[ 2.39275567],
       [-0.06114676],
       [-0.057197  ],
       ...,
       [-1.05820414],
       [-0.77124125],
       [-1.01124063]]), array([6.02256229])]"
"Epochs : 100, mini batch size : 10, alpha 0.8, epsilon : 0.0005","[array([81.28137113]), array([[ 1.34404175],
       [ 0.38104361],
       [ 0.26017848],
       ...,
       [-0.46421694],
       [-0.50453771],
       [-0.49459327]]), array([18.3726503])]"
"Epochs : 100, mini batch size : 50, alpha 0.8, epsilon : 0.0005","[array([98.27950283]), array([[ 2.21136261],
       [-0.07465843],
       [-0.07107295],
       ...,
       [-0.98558339],
       [-0.7105724 ],
       [-0.94653241]]), array([4.98163656])]"
"Epochs : 100, mini batch size : 100, alpha 0.8, epsilon : 0.0005","[array([106.57683251]), array([[ 2.05920936],
       [-0.23549304],
       [-0.20463445],
       ...,
       [-0.96828874],
       [-0.66812454],
       [-0.94368804]]), array([2.67552151])]"
"Epochs : 100, mini batch size : 200, alpha 0.8, epsilon : 0.0005","[array([116.08057637]), array([[ 1.8911987 ],
       [-0.3796276 ],
       [-0.32274757],
       ...,
       [-0.93700961],
       [-0.62661787],
       [-0.92114674]]), array([1.40467597])]"
"Epochs : 200, mini batch size : 10, alpha 0.8, epsilon : 0.0005","[array([76.35012291]), array([[ 1.15493031],
       [ 0.4897292 ],
       [ 0.32462214],
       ...,
       [-0.3688786 ],
       [-0.49331344],
       [-0.47374494]]), array([27.79563687])]"
"Epochs : 200, mini batch size : 50, alpha 0.8, epsilon : 0.0005","[array([91.41481577]), array([[ 2.36395041],
       [ 0.03018266],
       [ 0.02016878],
       ...,
       [-1.00173537],
       [-0.769826  ],
       [-0.95636842]]), array([8.94007171])]"
"Epochs : 200, mini batch size : 100, alpha 0.8, epsilon : 0.0005","[array([98.59149034]), array([[ 2.26935792],
       [-0.08723216],
       [-0.08114662],
       ...,
       [-1.01582138],
       [-0.73049427],
       [-0.97474582]]), array([4.97418644])]"
"Epochs : 200, mini batch size : 200, alpha 0.8, epsilon : 0.0005","[array([106.58178829]), array([[ 2.07367136],
       [-0.23901274],
       [-0.20749112],
       ...,
       [-0.97607367],
       [-0.67355137],
       [-0.95144813]]), array([2.6744276])]"
"Epochs : 400, mini batch size : 10, alpha 0.8, epsilon : 0.0005","[array([84.87360323]), array([[ 1.0779316 ],
       [ 0.53074989],
       [ 0.35474117],
       ...,
       [-0.34056712],
       [-0.48238881],
       [-0.50653956]]), array([35.72207201])]"
"Epochs : 400, mini batch size : 50, alpha 0.8, epsilon : 0.0005","[array([85.77650536]), array([[ 2.48407075],
       [ 0.07418124],
       [ 0.05266008],
       ...,
       [-0.97777946],
       [-0.8443348 ],
       [-0.98514474]]), array([15.22214727])]"
"Epochs : 400, mini batch size : 100, alpha 0.8, epsilon : 0.0005","[array([91.98445321]), array([[ 2.47594758e+00],
       [ 3.71786693e-03],
       [ 3.91980747e-04],
       ...,
       [-1.05618484e+00],
       [-8.05568778e-01],
       [-1.00834804e+00]]), array([8.91501473])]"
"Epochs : 400, mini batch size : 200, alpha 0.8, epsilon : 0.0005","[array([98.53364673]), array([[ 2.29898399],
       [-0.09350386],
       [-0.08609791],
       ...,
       [-1.03040532],
       [-0.74012872],
       [-0.98912973]]), array([4.97018537])]"
"Epochs : 500, mini batch size : 10, alpha 0.8, epsilon : 0.0005","[array([75.21871388]), array([[ 1.07253276],
       [ 0.53669911],
       [ 0.36335089],
       ...,
       [-0.34258714],
       [-0.48173327],
       [-0.50929297]]), array([37.2751312])]"
"Epochs : 500, mini batch size : 50, alpha 0.8, epsilon : 0.0005","[array([81.91630745]), array([[ 2.51702753],
       [ 0.08246472],
       [ 0.05576447],
       ...,
       [-0.95906421],
       [-0.87337274],
       [-1.00327261]]), array([17.7818946])]"
"Epochs : 500, mini batch size : 100, alpha 0.8, epsilon : 0.0005","[array([89.11529077]), array([[ 2.54370735],
       [ 0.01590814],
       [ 0.01252697],
       ...,
       [-1.06454406],
       [-0.83459283],
       [-1.02450444]]), array([10.65155618])]"
"Epochs : 500, mini batch size : 200, alpha 0.8, epsilon : 0.0005","[array([96.02403669]), array([[ 2.37414894],
       [-0.05691443],
       [-0.0539288 ],
       ...,
       [-1.0486963 ],
       [-0.76497558],
       [-1.00214614]]), array([6.02511023])]"
"Epochs : 100, mini batch size : 10, alpha 0.1, epsilon : 0.001","[array([78.70649666]), array([[ 2.87515995e+00],
       [-1.02079072e-02],
       [-2.01558339e-03],
       ...,
       [-1.00052382e+00],
       [-1.07227296e+00],
       [-1.21109575e+00]]), array([26.56330435])]"
"Epochs : 100, mini batch size : 50, alpha 0.1, epsilon : 0.001","[array([91.18360166]), array([[ 2.56033026],
       [-0.01953249],
       [-0.01549086],
       ...,
       [-1.09883854],
       [-0.83557453],
       [-1.05236995]]), array([8.90310665])]"
"Epochs : 100, mini batch size : 100, alpha 0.1, epsilon : 0.001","[array([98.38037764]), array([[ 2.32023463],
       [-0.09942579],
       [-0.09101051],
       ...,
       [-1.04262071],
       [-0.74757942],
       [-0.99972918]]), array([4.96816194])]"
"Epochs : 100, mini batch size : 200, alpha 0.1, epsilon : 0.001","[array([106.2532446]), array([[ 2.08622447],
       [-0.24230233],
       [-0.21043672],
       ...,
       [-0.98271588],
       [-0.6778717 ],
       [-0.95821373]]), array([2.67278202])]"
"Epochs : 200, mini batch size : 10, alpha 0.1, epsilon : 0.001","[array([75.95561153]), array([[ 2.98531319e+00],
       [-2.84201678e-03],
       [ 2.60683010e-02],
       ...,
       [-8.57103562e-01],
       [-1.16350373e+00],
       [-1.29370801e+00]]), array([34.20681907])]"
"Epochs : 200, mini batch size : 50, alpha 0.1, epsilon : 0.001","[array([85.07789832]), array([[ 2.86342299],
       [-0.04134095],
       [-0.02191489],
       ...,
       [-1.15206256],
       [-0.96258238],
       [-1.15785649]]), array([15.11089774])]"
"Epochs : 200, mini batch size : 100, alpha 0.1, epsilon : 0.001","[array([91.4830153]), array([[ 2.578364  ],
       [-0.02233031],
       [-0.01836461],
       ...,
       [-1.10840061],
       [-0.83981696],
       [-1.05717637]]), array([8.89742195])]"
"Epochs : 200, mini batch size : 200, alpha 0.1, epsilon : 0.001","[array([98.20698948]), array([[ 2.32479389],
       [-0.09972142],
       [-0.0910731 ],
       ...,
       [-1.04456918],
       [-0.74962693],
       [-1.00258914]]), array([4.96748473])]"
"Epochs : 400, mini batch size : 10, alpha 0.1, epsilon : 0.001","[array([88.15095314]), array([[ 2.97145547],
       [ 0.06103932],
       [ 0.07862014],
       ...,
       [-0.66640493],
       [-1.17773253],
       [-1.19817975]]), array([37.76761191])]"
"Epochs : 400, mini batch size : 50, alpha 0.1, epsilon : 0.001","[array([83.90589325]), array([[ 3.27525344],
       [-0.16362805],
       [-0.10432345],
       ...,
       [-1.17963027],
       [-1.14788846],
       [-1.36658142]]), array([23.48646337])]"
"Epochs : 400, mini batch size : 100, alpha 0.1, epsilon : 0.001","[array([86.66764534]), array([[ 2.89587089],
       [-0.04969533],
       [-0.03034362],
       ...,
       [-1.16458887],
       [-0.97001101],
       [-1.16976053]]), array([15.09508919])]"
"Epochs : 400, mini batch size : 200, alpha 0.1, epsilon : 0.001","[array([91.86030094]), array([[ 2.58677825],
       [-0.0230775 ],
       [-0.01872752],
       ...,
       [-1.11111412],
       [-0.84170985],
       [-1.06081446]]), array([8.89282976])]"
"Epochs : 500, mini batch size : 10, alpha 0.1, epsilon : 0.001","[array([77.84756418]), array([[ 2.93919556],
       [ 0.07307551],
       [ 0.08843633],
       ...,
       [-0.62147536],
       [-1.1836727 ],
       [-1.12561407]]), array([38.20720059])]"
"Epochs : 500, mini batch size : 50, alpha 0.1, epsilon : 0.001","[array([78.06162344]), array([[ 3.43586914],
       [-0.2190861 ],
       [-0.13348944],
       ...,
       [-1.17909439],
       [-1.21728296],
       [-1.45050519]]), array([26.34881135])]"
"Epochs : 500, mini batch size : 100, alpha 0.1, epsilon : 0.001","[array([82.70624365]), array([[ 3.02382057],
       [-0.08095508],
       [-0.0517421 ],
       ...,
       [-1.1797295 ],
       [-1.02567556],
       [-1.22828925]]), array([17.61075748])]"
"Epochs : 500, mini batch size : 200, alpha 0.1, epsilon : 0.001","[array([88.9154976]), array([[ 2.68173391],
       [-0.01956471],
       [-0.01192727],
       ...,
       [-1.13138365],
       [-0.87861817],
       [-1.08876384]]), array([10.61976725])]"
"Epochs : 100, mini batch size : 10, alpha 0.2, epsilon : 0.001","[array([77.89121929]), array([[ 2.37040834],
       [ 0.17548649],
       [ 0.11207686],
       ...,
       [-0.81433475],
       [-0.92001013],
       [-0.99245011]]), array([26.80267973])]"
"Epochs : 100, mini batch size : 50, alpha 0.2, epsilon : 0.001","[array([91.17282484]), array([[ 2.53054924],
       [-0.0122126 ],
       [-0.01021304],
       ...,
       [-1.08410378],
       [-0.82590511],
       [-1.03832944]]), array([8.90887532])]"
"Epochs : 100, mini batch size : 100, alpha 0.2, epsilon : 0.001","[array([98.45495066]), array([[ 2.31279171],
       [-0.09772171],
       [-0.08965687],
       ...,
       [-1.03876836],
       [-0.7450348 ],
       [-0.99602679]]), array([4.96902699])]"
"Epochs : 100, mini batch size : 200, alpha 0.2, epsilon : 0.001","[array([106.35469503]), array([[ 2.08442933],
       [-0.24183474],
       [-0.21004518],
       ...,
       [-0.98175541],
       [-0.67723524],
       [-0.95727533]]), array([2.67291786])]"
"Epochs : 200, mini batch size : 10, alpha 0.2, epsilon : 0.001","[array([74.98463343]), array([[ 2.24550681],
       [ 0.28185731],
       [ 0.1840477 ],
       ...,
       [-0.65594887],
       [-0.93954549],
       [-1.00863808]]), array([34.60103645])]"
"Epochs : 200, mini batch size : 50, alpha 0.2, epsilon : 0.001","[array([84.98473129]), array([[ 2.80424908],
       [-0.02309893],
       [-0.00985084],
       ...,
       [-1.12518166],
       [-0.94462216],
       [-1.13119828]]), array([15.12811913])]"
"Epochs : 200, mini batch size : 100, alpha 0.2, epsilon : 0.001","[array([91.52761756]), array([[ 2.56329785],
       [-0.01862677],
       [-0.01569295],
       ...,
       [-1.10094008],
       [-0.8349359 ],
       [-1.05007627]]), array([8.9003248])]"
"Epochs : 200, mini batch size : 200, alpha 0.2, epsilon : 0.001","[array([98.30029059]), array([[ 2.32106083],
       [-0.09886779],
       [-0.09039518],
       ...,
       [-1.0426373 ],
       [-0.74835038],
       [-1.00073144]]), array([4.96791794])]"
"Epochs : 400, mini batch size : 10, alpha 0.2, epsilon : 0.001","[array([87.57503457]), array([[ 2.11206756],
       [ 0.38469222],
       [ 0.2455708 ],
       ...,
       [-0.54510128],
       [-0.91564115],
       [-0.97236881]]), array([38.15420398])]"
"Epochs : 400, mini batch size : 50, alpha 0.2, epsilon : 0.001","[array([83.64952979]), array([[ 3.1562106 ],
       [-0.11768192],
       [-0.0759421 ],
       ...,
       [-1.13313418],
       [-1.11372068],
       [-1.31439505]]), array([23.52947502])]"
"Epochs : 400, mini batch size : 100, alpha 0.2, epsilon : 0.001","[array([86.66653075]), array([[ 2.8656148 ],
       [-0.0403427 ],
       [-0.02415022],
       ...,
       [-1.15084206],
       [-0.96085539],
       [-1.15615264]]), array([15.10378022])]"
"Epochs : 400, mini batch size : 200, alpha 0.2, epsilon : 0.001","[array([91.93917958]), array([[ 2.57920122],
       [-0.02121567],
       [-0.01738555],
       ...,
       [-1.10736414],
       [-0.83925499],
       [-1.05724283]]), array([8.8942816])]"
"Epochs : 500, mini batch size : 10, alpha 0.2, epsilon : 0.001","[array([77.27795258]), array([[ 2.0884479 ],
       [ 0.3991698 ],
       [ 0.25498161],
       ...,
       [-0.54251788],
       [-0.91621336],
       [-0.94193876]]), array([38.54107905])]"
"Epochs : 500, mini batch size : 50, alpha 0.2, epsilon : 0.001","[array([77.82924864]), array([[ 3.28621134],
       [-0.15818963],
       [-0.0969017 ],
       ...,
       [-1.12423524],
       [-1.1749167 ],
       [-1.38565145]]), array([26.40469029])]"
"Epochs : 500, mini batch size : 100, alpha 0.2, epsilon : 0.001","[array([82.70427651]), array([[ 2.98580863],
       [-0.06823664],
       [-0.04349847],
       ...,
       [-1.16316053],
       [-1.01441579],
       [-1.21136509]]), array([17.622639])]"
"Epochs : 500, mini batch size : 200, alpha 0.2, epsilon : 0.001","[array([88.98992007]), array([[ 2.67224375],
       [-0.01707811],
       [-0.01019018],
       ...,
       [-1.12678805],
       [-0.87560962],
       [-1.08436549]]), array([10.62187284])]"
"Epochs : 100, mini batch size : 10, alpha 0.4, epsilon : 0.001","[array([77.23322453]), array([[ 1.72979337],
       [ 0.37636895],
       [ 0.24136009],
       ...,
       [-0.581186  ],
       [-0.71215946],
       [-0.7154953 ]]), array([27.20341401])]"
"Epochs : 100, mini batch size : 50, alpha 0.4, epsilon : 0.001","[array([91.14663106]), array([[ 2.47227744e+00],
       [ 2.02078941e-03],
       [ 5.69723573e-05],
       ...,
       [-1.05528838e+00],
       [-8.06970233e-01],
       [-1.01087384e+00]]), array([8.92032196])]"
"Epochs : 100, mini batch size : 100, alpha 0.4, epsilon : 0.001","[array([98.60014045]), array([[ 2.29798949],
       [-0.09433722],
       [-0.08696792],
       ...,
       [-1.03110808],
       [-0.73997392],
       [-0.9886648 ]]), array([4.97075395])]"
"Epochs : 100, mini batch size : 200, alpha 0.4, epsilon : 0.001","[array([106.55635233]), array([[ 2.08084422],
       [-0.24090111],
       [-0.20926338],
       ...,
       [-0.9798373 ],
       [-0.67596417],
       [-0.9554013 ]]), array([2.67318943])]"
"Epochs : 200, mini batch size : 10, alpha 0.4, epsilon : 0.001","[array([74.51795989]), array([[ 1.55107299],
       [ 0.48246057],
       [ 0.30782172],
       ...,
       [-0.47451994],
       [-0.6953995 ],
       [-0.72744572]]), array([35.13437498])]"
"Epochs : 200, mini batch size : 50, alpha 0.4, epsilon : 0.001","[array([84.80469984]), array([[ 2.69080058],
       [ 0.01147542],
       [ 0.013057  ],
       ...,
       [-1.07369425],
       [-0.91007366],
       [-1.08014129]]), array([15.16203789])]"
"Epochs : 200, mini batch size : 100, alpha 0.4, epsilon : 0.001","[array([91.61081469]), array([[ 2.53349411],
       [-0.01132314],
       [-0.01042235],
       ...,
       [-1.08618573],
       [-0.82527645],
       [-1.03603533]]), array([8.90610745])]"
"Epochs : 200, mini batch size : 200, alpha 0.4, epsilon : 0.001","[array([98.48458845]), array([[ 2.31361569],
       [-0.09716648],
       [-0.08904394],
       ...,
       [-1.03878467],
       [-0.7458044 ],
       [-0.99702681]]), array([4.96878357])]"
"Epochs : 400, mini batch size : 10, alpha 0.4, epsilon : 0.001","[array([88.39369354]), array([[ 1.48777559],
       [ 0.530398  ],
       [ 0.34057356],
       ...,
       [-0.44344904],
       [-0.67459596],
       [-0.73973832]]), array([38.50965581])]"
"Epochs : 400, mini batch size : 50, alpha 0.4, epsilon : 0.001","[array([83.19969952]), array([[ 2.93665212],
       [-0.03451916],
       [-0.02430199],
       ...,
       [-1.04756262],
       [-1.05005867],
       [-1.21826328]]), array([23.61288004])]"
"Epochs : 400, mini batch size : 100, alpha 0.4, epsilon : 0.001","[array([86.6571304]), array([[ 2.80637241],
       [-0.02213305],
       [-0.01208026],
       ...,
       [-1.12393822],
       [-0.94289867],
       [-1.12952196]]), array([15.12102838])]"
"Epochs : 400, mini batch size : 200, alpha 0.4, epsilon : 0.001","[array([92.0928591]), array([[ 2.56413006],
       [-0.01751811],
       [-0.01471994],
       ...,
       [-1.09990624],
       [-0.83437118],
       [-1.05013976]]), array([8.89717951])]"
"Epochs : 500, mini batch size : 10, alpha 0.4, epsilon : 0.001","[array([77.46604011]), array([[ 1.48977394],
       [ 0.5369147 ],
       [ 0.34534604],
       ...,
       [-0.45403063],
       [-0.67452879],
       [-0.72298098]]), array([38.81699931])]"
"Epochs : 500, mini batch size : 50, alpha 0.4, epsilon : 0.001","[array([77.43759727]), array([[ 3.01532339],
       [-0.05031348],
       [-0.03163554],
       ...,
       [-1.02523789],
       [-1.09715459],
       [-1.26836583]]), array([26.5120463])]"
"Epochs : 500, mini batch size : 100, alpha 0.4, epsilon : 0.001","[array([82.69233061]), array([[ 2.91175033],
       [-0.04362163],
       [-0.02752264],
       ...,
       [-1.13089827],
       [-0.99242465],
       [-1.17841105]]), array([17.64617681])]"
"Epochs : 500, mini batch size : 200, alpha 0.4, epsilon : 0.001","[array([89.13389095]), array([[ 2.65339188],
       [-0.01214798],
       [-0.0067453 ],
       ...,
       [-1.11766051],
       [-0.86963131],
       [-1.07562995]]), array([10.62607356])]"
"Epochs : 100, mini batch size : 10, alpha 0.8, epsilon : 0.001","[array([77.10170868]), array([[ 1.14769188],
       [ 0.48248557],
       [ 0.32196464],
       ...,
       [-0.37404912],
       [-0.49551631],
       [-0.46407699]]), array([27.79233092])]"
"Epochs : 100, mini batch size : 50, alpha 0.8, epsilon : 0.001","[array([91.0795127]), array([[ 2.36071399],
       [ 0.02892456],
       [ 0.01949794],
       ...,
       [-1.00018156],
       [-0.77066099],
       [-0.9583756 ]]), array([8.94285927])]"
"Epochs : 100, mini batch size : 100, alpha 0.8, epsilon : 0.001","[array([98.87517017]), array([[ 2.26871648],
       [-0.08766201],
       [-0.08166274],
       ...,
       [-1.01596361],
       [-0.72996467],
       [-0.97411043]]), array([4.97419535])]"
"Epochs : 100, mini batch size : 200, alpha 0.8, epsilon : 0.001","[array([106.95472813]), array([[ 2.07369459],
       [-0.23904004],
       [-0.20770488],
       ...,
       [-0.97601236],
       [-0.67342938],
       [-0.95166429]]), array([2.67373215])]"
"Epochs : 200, mini batch size : 10, alpha 0.8, epsilon : 0.001","[array([74.75651139]), array([[ 1.06994714],
       [ 0.5186219 ],
       [ 0.3472039 ],
       ...,
       [-0.34659649],
       [-0.4912693 ],
       [-0.5112383 ]]), array([35.73170793])]"
"Epochs : 200, mini batch size : 50, alpha 0.8, epsilon : 0.001","[array([84.47499965]), array([[ 2.48217766],
       [ 0.07354689],
       [ 0.05434394],
       ...,
       [-0.97919681],
       [-0.84611108],
       [-0.98644791]]), array([15.22785064])]"
"Epochs : 200, mini batch size : 100, alpha 0.8, epsilon : 0.001","[array([91.75474356]), array([[ 2.47517764e+00],
       [ 2.87843324e-03],
       [-1.66402563e-04],
       ...,
       [-1.05733190e+00],
       [-8.06361097e-01],
       [-1.00857910e+00]]), array([8.91758146])]"
"Epochs : 200, mini batch size : 200, alpha 0.8, epsilon : 0.001","[array([98.8440993]), array([[ 2.29880905],
       [-0.09378752],
       [-0.0863598 ],
       ...,
       [-1.03112386],
       [-0.74074084],
       [-0.98966036]]), array([4.97051168])]"
"Epochs : 400, mini batch size : 10, alpha 0.8, epsilon : 0.001","[array([90.06466006]), array([[ 1.05303211],
       [ 0.53120765],
       [ 0.35986224],
       ...,
       [-0.33762384],
       [-0.48154466],
       [-0.52442995]]), array([38.81184052])]"
"Epochs : 400, mini batch size : 50, alpha 0.8, epsilon : 0.001","[array([82.51897692]), array([[ 2.56223012],
       [ 0.10164102],
       [ 0.0611995 ],
       ...,
       [-0.90227175],
       [-0.9392333 ],
       [-1.05473793]]), array([23.76991773])]"
"Epochs : 400, mini batch size : 100, alpha 0.8, epsilon : 0.001","[array([86.6141713]), array([[ 2.69279154],
       [ 0.01237839],
       [ 0.01083902],
       ...,
       [-1.07240742],
       [-0.90835663],
       [-1.07851925]]), array([15.15499836])]"
"Epochs : 400, mini batch size : 200, alpha 0.8, epsilon : 0.001","[array([92.38438658]), array([[ 2.53431638],
       [-0.01022632],
       [-0.00946132],
       ...,
       [-1.08515711],
       [-0.82470632],
       [-1.03609296]]), array([8.90295235])]"
"Epochs : 500, mini batch size : 10, alpha 0.8, epsilon : 0.001","[array([78.25609507]), array([[ 1.0624271 ],
       [ 0.53840814],
       [ 0.36420368],
       ...,
       [-0.34620072],
       [-0.47931898],
       [-0.51324339]]), array([39.05633508])]"
"Epochs : 500, mini batch size : 50, alpha 0.8, epsilon : 0.001","[array([76.89394244]), array([[ 2.56968318],
       [ 0.11893061],
       [ 0.07230683],
       ...,
       [-0.86336516],
       [-0.96556737],
       [-1.07574648]]), array([26.71065915])]"
"Epochs : 500, mini batch size : 100, alpha 0.8, epsilon : 0.001","[array([82.64276065]), array([[ 2.77116054e+00],
       [ 2.47296136e-03],
       [ 2.47583128e-03],
       ...,
       [-1.06972543e+00],
       [-9.50470787e-01],
       [-1.11592569e+00]]), array([17.69237054])]"
"Epochs : 500, mini batch size : 200, alpha 0.8, epsilon : 0.001","[array([89.40305627]), array([[ 2.61619623e+00],
       [-2.45791307e-03],
       [ 2.87427286e-05],
       ...,
       [-1.09965727e+00],
       [-8.57828100e-01],
       [-1.05840084e+00]]), array([10.63443345])]"
"Epochs : 100, mini batch size : 10, alpha 0.1, epsilon : 0.002","[array([85.60014126]), array([[ 2.98458363],
       [ 0.00906917],
       [ 0.04354867],
       ...,
       [-0.90315359],
       [-1.20162816],
       [-1.25739788]]), array([34.15605254])]"
"Epochs : 100, mini batch size : 50, alpha 0.1, epsilon : 0.002","[array([85.05947862]), array([[ 2.84707915],
       [-0.04809796],
       [-0.02269706],
       ...,
       [-1.14773249],
       [-0.97044193],
       [-1.16807807]]), array([15.12656782])]"
"Epochs : 100, mini batch size : 100, alpha 0.1, epsilon : 0.002","[array([91.40455057]), array([[ 2.57802283],
       [-0.0215374 ],
       [-0.01799316],
       ...,
       [-1.10842218],
       [-0.83818345],
       [-1.05383584]]), array([8.89898429])]"
"Epochs : 100, mini batch size : 200, alpha 0.1, epsilon : 0.002","[array([99.63443569]), array([[ 2.32578765],
       [-0.0993003 ],
       [-0.09117973],
       ...,
       [-1.04472503],
       [-0.74909609],
       [-1.00287311]]), array([4.96550048])]"
"Epochs : 200, mini batch size : 10, alpha 0.1, epsilon : 0.002","[array([101.52454306]), array([[ 2.96828138],
       [ 0.02435066],
       [ 0.07196542],
       ...,
       [-0.66909993],
       [-1.18487008],
       [-1.18013317]]), array([37.77384909])]"
"Epochs : 200, mini batch size : 50, alpha 0.1, epsilon : 0.002","[array([80.93090713]), array([[ 3.26567449],
       [-0.1663023 ],
       [-0.09741748],
       ...,
       [-1.18632382],
       [-1.15561939],
       [-1.37061134]]), array([23.49934271])]"
"Epochs : 200, mini batch size : 100, alpha 0.1, epsilon : 0.002","[array([84.68262962]), array([[ 2.890266  ],
       [-0.05349201],
       [-0.03215813],
       ...,
       [-1.16525853],
       [-0.97162707],
       [-1.1709475 ]]), array([15.10119193])]"
"Epochs : 200, mini batch size : 200, alpha 0.1, epsilon : 0.002","[array([91.69294142]), array([[ 2.58751885],
       [-0.02345252],
       [-0.01927328],
       ...,
       [-1.11174408],
       [-0.84165335],
       [-1.06088859]]), array([8.89548608])]"
"Epochs : 400, mini batch size : 10, alpha 0.1, epsilon : 0.002","[array([82.54061516]), array([[ 2.88840774],
       [ 0.07709762],
       [ 0.09662321],
       ...,
       [-0.51128024],
       [-1.19796279],
       [-1.07158723]]), array([38.49908534])]"
"Epochs : 400, mini batch size : 50, alpha 0.1, epsilon : 0.002","[array([91.67924009]), array([[ 3.81454315],
       [-0.35795643],
       [-0.18526508],
       ...,
       [-1.16643907],
       [-1.37632805],
       [-1.62358478]]), array([31.76897724])]"
"Epochs : 400, mini batch size : 100, alpha 0.1, epsilon : 0.002","[array([83.83130607]), array([[ 3.33765583],
       [-0.18751911],
       [-0.12309211],
       ...,
       [-1.20203816],
       [-1.16553026],
       [-1.39248972]]), array([23.46253337])]"
"Epochs : 400, mini batch size : 200, alpha 0.1, epsilon : 0.002","[array([88.39622418]), array([[ 2.91136751],
       [-0.05406393],
       [-0.03250794],
       ...,
       [-1.17254715],
       [-0.97514878],
       [-1.17858592]]), array([15.08734394])]"
"Epochs : 500, mini batch size : 10, alpha 0.1, epsilon : 0.002","[array([81.12969553]), array([[ 2.8524029 ],
       [ 0.06781385],
       [ 0.05368134],
       ...,
       [-0.53414638],
       [-1.21205369],
       [-0.97702015]]), array([38.65816731])]"
"Epochs : 500, mini batch size : 50, alpha 0.1, epsilon : 0.002","[array([77.90604111]), array([[ 4.0126653 ],
       [-0.43204284],
       [-0.2007871 ],
       ...,
       [-1.13438752],
       [-1.43739638],
       [-1.66855814]]), array([33.80308662])]"
"Epochs : 500, mini batch size : 100, alpha 0.1, epsilon : 0.002","[array([79.13946483]), array([[ 3.5167113 ],
       [-0.24968392],
       [-0.1584489 ],
       ...,
       [-1.20766968],
       [-1.23967066],
       [-1.48215662]]), array([26.3224553])]"
"Epochs : 500, mini batch size : 200, alpha 0.1, epsilon : 0.002","[array([82.65677212]), array([[ 3.04434359],
       [-0.08575348],
       [-0.05266361],
       ...,
       [-1.18915248],
       [-1.03217284],
       [-1.23963296]]), array([17.60225049])]"
"Epochs : 100, mini batch size : 10, alpha 0.2, epsilon : 0.002","[array([82.55684978]), array([[ 2.24180931],
       [ 0.28580176],
       [ 0.19237425],
       ...,
       [-0.69243896],
       [-0.97764876],
       [-0.97763326]]), array([34.54889412])]"
"Epochs : 100, mini batch size : 50, alpha 0.2, epsilon : 0.002","[array([84.98057231]), array([[ 2.78808111],
       [-0.02980863],
       [-0.01064671],
       ...,
       [-1.12090142],
       [-0.95232506],
       [-1.14144448]]), array([15.14377387])]"
"Epochs : 100, mini batch size : 100, alpha 0.2, epsilon : 0.002","[array([91.45300059]), array([[ 2.56295996],
       [-0.01782619],
       [-0.01531732],
       ...,
       [-1.10096291],
       [-0.83330319],
       [-1.04674228]]), array([8.90188484])]"
"Epochs : 100, mini batch size : 200, alpha 0.2, epsilon : 0.002","[array([99.72690809]), array([[ 2.32205372],
       [-0.09844671],
       [-0.09050106],
       ...,
       [-1.04279429],
       [-0.74782087],
       [-1.00101616]]), array([4.96593352])]"
"Epochs : 200, mini batch size : 10, alpha 0.2, epsilon : 0.002","[array([99.61874575]), array([[ 2.10898526],
       [ 0.3504478 ],
       [ 0.23103639],
       ...,
       [-0.55310215],
       [-0.92580613],
       [-0.96196793]]), array([38.16012612])]"
"Epochs : 200, mini batch size : 50, alpha 0.2, epsilon : 0.002","[array([80.73208866]), array([[ 3.14712092],
       [-0.1202402 ],
       [-0.06923199],
       ...,
       [-1.13986251],
       [-1.12125909],
       [-1.31831807]]), array([23.54215051])]"
"Epochs : 200, mini batch size : 100, alpha 0.2, epsilon : 0.002","[array([84.69146028]), array([[ 2.86002785],
       [-0.04412187],
       [-0.02594609],
       ...,
       [-1.15151669],
       [-0.96248402],
       [-1.15734667]]), array([15.10989002])]"
"Epochs : 200, mini batch size : 200, alpha 0.2, epsilon : 0.002","[array([91.76896767]), array([[ 2.57994052],
       [-0.02158971],
       [-0.01792934],
       ...,
       [-1.1079932 ],
       [-0.83920001],
       [-1.0573161 ]]), array([8.89694146])]"
"Epochs : 400, mini batch size : 10, alpha 0.2, epsilon : 0.002","[array([81.79423192]), array([[ 2.06755112],
       [ 0.39786158],
       [ 0.26733757],
       ...,
       [-0.51133753],
       [-0.92191566],
       [-0.95768474]]), array([38.71733138])]"
"Epochs : 400, mini batch size : 50, alpha 0.2, epsilon : 0.002","[array([90.88989715]), array([[ 3.5722656 ],
       [-0.25164158],
       [-0.12653849],
       ...,
       [-1.09069593],
       [-1.30989668],
       [-1.52541208]]), array([31.86192537])]"
"Epochs : 400, mini batch size : 100, alpha 0.2, epsilon : 0.002","[array([83.7129363]), array([[ 3.27566091],
       [-0.1633453 ],
       [-0.10815309],
       ...,
       [-1.17779118],
       [-1.1478329 ],
       [-1.36533349]]), array([23.48440562])]"
"Epochs : 400, mini batch size : 200, alpha 0.2, epsilon : 0.002","[array([88.45138075]), array([[ 2.89607052],
       [-0.04933113],
       [-0.02937764],
       ...,
       [-1.16559778],
       [-0.97052446],
       [-1.17170022]]), array([15.0917051])]"
"Epochs : 500, mini batch size : 10, alpha 0.2, epsilon : 0.002","[array([80.26067307]), array([[ 2.0549825 ],
       [ 0.39407937],
       [ 0.22594147],
       ...,
       [-0.54701407],
       [-0.92007548],
       [-0.88971426]]), array([38.84473452])]"
"Epochs : 500, mini batch size : 50, alpha 0.2, epsilon : 0.002","[array([77.28127187]), array([[ 3.70841687],
       [-0.29626183],
       [-0.12936471],
       ...,
       [-1.04803841],
       [-1.3564369 ],
       [-1.5540475 ]]), array([33.91817083])]"
"Epochs : 500, mini batch size : 100, alpha 0.2, epsilon : 0.002","[array([79.05928836]), array([[ 3.43797407],
       [-0.21734495],
       [-0.13899976],
       ...,
       [-1.17880398],
       [-1.2175628 ],
       [-1.44809645]]), array([26.35096384])]"
"Epochs : 500, mini batch size : 200, alpha 0.2, epsilon : 0.002","[array([82.71005251]), array([[ 3.02507993],
       [-0.0792964 ],
       [-0.04848634],
       ...,
       [-1.18075264],
       [-1.02647408],
       [-1.23104626]]), array([17.60822182])]"
"Epochs : 100, mini batch size : 10, alpha 0.4, epsilon : 0.002","[array([79.54052737]), array([[ 1.54271798],
       [ 0.47540744],
       [ 0.30616852],
       ...,
       [-0.49985013],
       [-0.72898524],
       [-0.70139845]]), array([35.08036448])]"
"Epochs : 100, mini batch size : 50, alpha 0.4, epsilon : 0.002","[array([84.82806691]), array([[ 2.67497424],
       [ 0.00485818],
       [ 0.01223513],
       ...,
       [-1.06950898],
       [-0.91747429],
       [-1.09043289]]), array([15.17766317])]"
"Epochs : 100, mini batch size : 100, alpha 0.4, epsilon : 0.002","[array([91.54372622]), array([[ 2.53316275],
       [-0.01050736],
       [-0.01003847],
       ...,
       [-1.086211  ],
       [-0.82364534],
       [-1.03271437]]), array([8.90766304])]"
"Epochs : 100, mini batch size : 200, alpha 0.4, epsilon : 0.002","[array([99.90955174]), array([[ 2.31460685],
       [-0.09674548],
       [-0.08914835],
       ...,
       [-1.03894398],
       [-0.74527756],
       [-0.99731303]]), array([4.96679881])]"
"Epochs : 200, mini batch size : 10, alpha 0.4, epsilon : 0.002","[array([98.59302746]), array([[ 1.48578703],
       [ 0.50177825],
       [ 0.31979248],
       ...,
       [-0.46215415],
       [-0.69177084],
       [-0.73706793]]), array([38.51616321])]"
"Epochs : 200, mini batch size : 50, alpha 0.4, epsilon : 0.002","[array([80.38041037]), array([[ 2.92847387],
       [-0.03685603],
       [-0.01795689],
       ...,
       [-1.05435132],
       [-1.05724884],
       [-1.22197223]]), array([23.62517454])]"
"Epochs : 200, mini batch size : 100, alpha 0.4, epsilon : 0.002","[array([84.70135346]), array([[ 2.8008212 ],
       [-0.02587746],
       [-0.01383937],
       ...,
       [-1.12462253],
       [-0.9445519 ],
       [-1.13072952]]), array([15.12715256])]"
"Epochs : 200, mini batch size : 200, alpha 0.4, epsilon : 0.002","[array([91.9170032]), array([[ 2.56486676],
       [-0.01789021],
       [-0.0152598 ],
       ...,
       [-1.10053347],
       [-0.83431922],
       [-1.05021132]]), array([8.89984642])]"
"Epochs : 400, mini batch size : 10, alpha 0.4, epsilon : 0.002","[array([82.43130552]), array([[ 1.48252455],
       [ 0.52851495],
       [ 0.35761215],
       ...,
       [-0.43759379],
       [-0.68198397],
       [-0.7383483 ]]), array([38.90500939])]"
"Epochs : 400, mini batch size : 50, alpha 0.4, epsilon : 0.002","[array([89.64884987]), array([[ 3.15697281],
       [-0.07433622],
       [-0.02747038],
       ...,
       [-0.96183127],
       [-1.19306129],
       [-1.35683615]]), array([32.03445512])]"
"Epochs : 400, mini batch size : 100, alpha 0.4, epsilon : 0.002","[array([83.48123209]), array([[ 3.15663211],
       [-0.11734956],
       [-0.07965456],
       ...,
       [-1.13128816],
       [-1.1136825 ],
       [-1.31322621]]), array([23.52747068])]"
"Epochs : 400, mini batch size : 200, alpha 0.4, epsilon : 0.002","[array([88.55497486]), array([[ 2.86579978],
       [-0.03999167],
       [-0.02319765],
       ...,
       [-1.1518491 ],
       [-0.96136593],
       [-1.15807787]]), array([15.10039368])]"
"Epochs : 500, mini batch size : 10, alpha 0.4, epsilon : 0.002","[array([80.21541835]), array([[ 1.47887661],
       [ 0.52853307],
       [ 0.32108329],
       ...,
       [-0.46370292],
       [-0.67080409],
       [-0.69159071]]), array([39.02331415])]"
"Epochs : 500, mini batch size : 50, alpha 0.4, epsilon : 0.002","[array([76.35667119]), array([[ 3.20482034],
       [-0.07814434],
       [-0.0129954 ],
       ...,
       [-0.90686043],
       [-1.21773867],
       [-1.36350191]]), array([34.12619708])]"
"Epochs : 500, mini batch size : 100, alpha 0.4, epsilon : 0.002","[array([78.90035962]), array([[ 3.28824135],
       [-0.15647718],
       [-0.10226577],
       ...,
       [-1.1239959 ],
       [-1.1752294 ],
       [-1.38335476]]), array([26.40682896])]"
"Epochs : 500, mini batch size : 200, alpha 0.4, epsilon : 0.002","[array([82.80864143]), array([[ 2.98705505],
       [-0.06659242],
       [-0.04026248],
       ...,
       [-1.1641768 ],
       [-1.01521141],
       [-1.21410164]]), array([17.62010753])]"
"Epochs : 100, mini batch size : 10, alpha 0.8, epsilon : 0.002","[array([77.3366625]), array([[ 1.05666883],
       [ 0.50038735],
       [ 0.33845418],
       ...,
       [-0.36126714],
       [-0.5146112 ],
       [-0.48775756]]), array([35.67526148])]"
"Epochs : 100, mini batch size : 50, alpha 0.8, epsilon : 0.002","[array([84.54978639]), array([[ 2.46699653],
       [ 0.06710625],
       [ 0.05347531],
       ...,
       [-0.97518428],
       [-0.8529489 ],
       [-0.9968161 ]]), array([15.24342144])]"
"Epochs : 100, mini batch size : 100, alpha 0.8, epsilon : 0.002","[array([91.70206362]), array([[ 2.47485909e+00],
       [ 3.72403000e-03],
       [ 2.33564998e-04],
       ...,
       [-1.05736178e+00],
       [-8.04733184e-01],
       [-1.00528389e+00]]), array([8.91912869])]"
"Epochs : 100, mini batch size : 200, alpha 0.8, epsilon : 0.002","[array([100.26576701]), array([[ 2.29979673],
       [-0.09336664],
       [-0.08646126],
       ...,
       [-1.03128775],
       [-0.74021929],
       [-0.98994954]]), array([4.96852623])]"
"Epochs : 200, mini batch size : 10, alpha 0.8, epsilon : 0.002","[array([98.7646994]), array([[ 1.05348914],
       [ 0.51022669],
       [ 0.33707269],
       ...,
       [-0.36821898],
       [-0.50651937],
       [-0.5303236 ]]), array([38.81933524])]"
"Epochs : 200, mini batch size : 50, alpha 0.8, epsilon : 0.002","[array([79.8403003]), array([[ 2.55563613],
       [ 0.09970823],
       [ 0.0669093 ],
       ...,
       [-0.90914804],
       [-0.94585334],
       [-1.05802349]]), array([23.78154435])]"
"Epochs : 200, mini batch size : 100, alpha 0.8, epsilon : 0.002","[array([84.69471227]), array([[ 2.68731127],
       [ 0.00870236],
       [ 0.0091514 ],
       ...,
       [-1.07311016],
       [-0.91005704],
       [-1.07975165]]), array([15.16115238])]"
"Epochs : 200, mini batch size : 200, alpha 0.8, epsilon : 0.002","[array([92.19748167]), array([[ 2.5350479 ],
       [-0.01059456],
       [-0.0099934 ],
       ...,
       [-1.08578064],
       [-0.82466027],
       [-1.03616113]]), array([8.90563322])]"
"Epochs : 400, mini batch size : 10, alpha 0.8, epsilon : 0.002","[array([84.04966092]), array([[ 1.05508716],
       [ 0.52956767],
       [ 0.37240498],
       ...,
       [-0.33295185],
       [-0.48621511],
       [-0.52125612]]), array([39.10023989])]"
"Epochs : 400, mini batch size : 50, alpha 0.8, epsilon : 0.002","[array([88.11406367]), array([[ 2.53983108],
       [ 0.17296511],
       [ 0.11423791],
       ...,
       [-0.77306165],
       [-1.0102789 ],
       [-1.10521442]]), array([32.33392946])]"
"Epochs : 400, mini batch size : 100, alpha 0.8, epsilon : 0.002","[array([83.0443756]), array([[ 2.93710149],
       [-0.03409731],
       [-0.02779472],
       ...,
       [-1.0457087 ],
       [-1.05005373],
       [-1.21724133]]), array([23.61097712])]"
"Epochs : 400, mini batch size : 200, alpha 0.8, epsilon : 0.002","[array([88.73692542]), array([[ 2.80652874],
       [-0.02180771],
       [-0.01115406],
       ...,
       [-1.12494142],
       [-0.94340343],
       [-1.13141882]]), array([15.11763701])]"
"Epochs : 500, mini batch size : 10, alpha 0.8, epsilon : 0.002","[array([80.68344174]), array([[ 1.05685684],
       [ 0.53301942],
       [ 0.34707337],
       ...,
       [-0.35094394],
       [-0.47435443],
       [-0.49561849]]), array([39.21901914])]"
"Epochs : 500, mini batch size : 50, alpha 0.8, epsilon : 0.002","[array([75.32474342]), array([[ 2.5022658 ],
       [ 0.2051906 ],
       [ 0.14300094],
       ...,
       [-0.71435389],
       [-1.0105779 ],
       [-1.0941895 ]]), array([34.47035532])]"
"Epochs : 500, mini batch size : 100, alpha 0.8, epsilon : 0.002","[array([78.59887526]), array([[ 3.01721561],
       [-0.04865975],
       [-0.03672714],
       ...,
       [-1.02509863],
       [-1.09752994],
       [-1.26627461]]), array([26.51415713])]"
"Epochs : 500, mini batch size : 200, alpha 0.8, epsilon : 0.002","[array([82.97634911]), array([[ 2.91297157],
       [-0.04200552],
       [-0.02432543],
       ...,
       [-1.13190089],
       [-0.99321436],
       [-1.18110743]]), array([17.64365355])]"
"Epochs : 100, mini batch size : 10, alpha 0.1, epsilon : 0.0025","[array([104.24497868]), array([[ 3.03577188],
       [ 0.03750813],
       [ 0.08397644],
       ...,
       [-0.88876841],
       [-1.21510204],
       [-1.19832459]]), array([35.75077073])]"
"Epochs : 100, mini batch size : 50, alpha 0.1, epsilon : 0.0025","[array([86.00577104]), array([[ 2.95346628],
       [-0.08095526],
       [-0.0429122 ],
       ...,
       [-1.16399244],
       [-1.0314841 ],
       [-1.23028362]]), array([17.65696658])]"
"Epochs : 100, mini batch size : 100, alpha 0.1, epsilon : 0.0025","[array([89.11874239]), array([[ 2.67416558],
       [-0.01393241],
       [-0.00764929],
       ...,
       [-1.12668583],
       [-0.87146665],
       [-1.07646219]]), array([10.63023713])]"
"Epochs : 100, mini batch size : 200, alpha 0.1, epsilon : 0.0025","[array([98.97551826]), array([[ 2.40970632],
       [-0.06271447],
       [-0.05919241],
       ...,
       [-1.06827765],
       [-0.77635333],
       [-1.01893224]]), array([6.01647551])]"
"Epochs : 200, mini batch size : 10, alpha 0.1, epsilon : 0.0025","[array([182.2321364]), array([[ 2.98046342],
       [ 0.0149279 ],
       [ 0.07354185],
       ...,
       [-0.61960425],
       [-1.16396612],
       [-1.0824984 ]]), array([38.20719921])]"
"Epochs : 200, mini batch size : 50, alpha 0.1, epsilon : 0.0025","[array([83.6361885]), array([[ 3.41583265],
       [-0.22328536],
       [-0.12627301],
       ...,
       [-1.19645848],
       [-1.23238589],
       [-1.46071849]]), array([26.36371449])]"
"Epochs : 200, mini batch size : 100, alpha 0.1, epsilon : 0.0025","[array([82.63651175]), array([[ 3.00923984],
       [-0.09030829],
       [-0.05505235],
       ...,
       [-1.17767362],
       [-1.02569755],
       [-1.23024508]]), array([17.61704347])]"
"Epochs : 200, mini batch size : 200, alpha 0.1, epsilon : 0.0025","[array([91.88487438]), array([[ 2.68296391],
       [-0.02107671],
       [-0.01458266],
       ...,
       [-1.13261645],
       [-0.87682197],
       [-1.08771425]]), array([10.61794196])]"
"Epochs : 400, mini batch size : 10, alpha 0.1, epsilon : 0.0025","[array([99.57623234]), array([[ 2.92268954],
       [ 0.10436581],
       [ 0.13202128],
       ...,
       [-0.47847204],
       [-1.18610011],
       [-1.05646311]]), array([38.4947404])]"
"Epochs : 400, mini batch size : 50, alpha 0.1, epsilon : 0.0025","[array([106.63002473]), array([[ 4.01958868],
       [-0.42595851],
       [-0.19442134],
       ...,
       [-1.15073765],
       [-1.44712553],
       [-1.67212869]]), array([33.77931192])]"
"Epochs : 400, mini batch size : 100, alpha 0.1, epsilon : 0.0025","[array([82.75648535]), array([[ 3.51155596],
       [-0.25458163],
       [-0.16120711],
       ...,
       [-1.20590553],
       [-1.24466878],
       [-1.48599025]]), array([26.31929942])]"
"Epochs : 400, mini batch size : 200, alpha 0.1, epsilon : 0.0025","[array([91.01169728]), array([[ 3.04249702],
       [-0.08959107],
       [-0.05710538],
       ...,
       [-1.19198058],
       [-1.03100981],
       [-1.24105894]]), array([17.59279804])]"
"Epochs : 500, mini batch size : 10, alpha 0.1, epsilon : 0.0025","[array([84.35817676]), array([[ 2.86269379],
       [ 0.06902736],
       [ 0.02664711],
       ...,
       [-0.56227895],
       [-1.23261434],
       [-0.9358226 ]]), array([38.80993693])]"
"Epochs : 500, mini batch size : 50, alpha 0.1, epsilon : 0.0025","[array([78.70190949]), array([[ 4.21470551],
       [-0.51668056],
       [-0.21077544],
       ...,
       [-1.09201653],
       [-1.49608083],
       [-1.67767122]]), array([35.36162387])]"
"Epochs : 500, mini batch size : 100, alpha 0.1, epsilon : 0.0025","[array([79.26241919]), array([[ 3.71080906],
       [-0.32406074],
       [-0.19615418],
       ...,
       [-1.20697675],
       [-1.31946625],
       [-1.57209516]]), array([29.05402633])]"
"Epochs : 500, mini batch size : 200, alpha 0.1, epsilon : 0.0025","[array([80.92791919]), array([[ 3.19265923],
       [-0.1318127 ],
       [-0.08194562],
       ...,
       [-1.20425908],
       [-1.09328174],
       [-1.31383604]]), array([20.31094755])]"
"Epochs : 100, mini batch size : 10, alpha 0.2, epsilon : 0.0025","[array([96.35632213]), array([[ 2.22459091],
       [ 0.33361468],
       [ 0.23098421],
       ...,
       [-0.68022445],
       [-0.98380895],
       [-0.93709987]]), array([36.17298713])]"
"Epochs : 100, mini batch size : 50, alpha 0.2, epsilon : 0.0025","[array([85.90129996]), array([[ 2.87997864],
       [-0.05623134],
       [-0.02698527],
       ...,
       [-1.13173959],
       [-1.0090926 ],
       [-1.19730361]]), array([17.68051349])]"
"Epochs : 100, mini batch size : 100, alpha 0.2, epsilon : 0.0025","[array([89.15602649]), array([[ 2.65531356],
       [-0.00898913],
       [-0.00420169],
       ...,
       [-1.11755763],
       [-0.86549047],
       [-1.06773941]]), array([10.6344398])]"
"Epochs : 100, mini batch size : 200, alpha 0.2, epsilon : 0.0025","[array([99.06494483]), array([[ 2.40500079],
       [-0.06164506],
       [-0.05836458],
       ...,
       [-1.06587674],
       [-0.77477412],
       [-1.01663686]]), array([6.01711573])]"
"Epochs : 200, mini batch size : 10, alpha 0.2, epsilon : 0.0025","[array([180.71433306]), array([[ 2.11493819],
       [ 0.34581617],
       [ 0.22779242],
       ...,
       [-0.54758677],
       [-0.91093064],
       [-0.9138265 ]]), array([38.54011991])]"
"Epochs : 200, mini batch size : 50, alpha 0.2, epsilon : 0.0025","[array([83.47807586]), array([[ 3.26723765],
       [-0.16227524],
       [-0.09014907],
       ...,
       [-1.14162103],
       [-1.18970839],
       [-1.39576651]]), array([26.41924286])]"
"Epochs : 200, mini batch size : 100, alpha 0.2, epsilon : 0.0025","[array([82.63234871]), array([[ 2.97128057],
       [-0.07754427],
       [-0.04679328],
       ...,
       [-1.16111287],
       [-1.01446109],
       [-1.21333909]]), array([17.62896272])]"
"Epochs : 200, mini batch size : 200, alpha 0.2, epsilon : 0.0025","[array([91.94577593]), array([[ 2.67346573],
       [-0.01859002],
       [-0.01284086],
       ...,
       [-1.12801766],
       [-0.87381941],
       [-1.0833185 ]]), array([10.6200564])]"
"Epochs : 400, mini batch size : 10, alpha 0.2, epsilon : 0.0025","[array([97.93129076]), array([[ 2.11536532],
       [ 0.42349788],
       [ 0.30792645],
       ...,
       [-0.49951872],
       [-0.91286459],
       [-0.96390965]]), array([38.68333885])]"
"Epochs : 400, mini batch size : 50, alpha 0.2, epsilon : 0.0025","[array([105.52386868]), array([[ 3.71584241],
       [-0.29040591],
       [-0.12338155],
       ...,
       [-1.06386086],
       [-1.36584241],
       [-1.55775913]]), array([33.89457047])]"
"Epochs : 400, mini batch size : 100, alpha 0.2, epsilon : 0.0025","[array([82.56015545]), array([[ 3.43298444],
       [-0.22211875],
       [-0.14174023],
       ...,
       [-1.17704425],
       [-1.22258141],
       [-1.45197575]]), array([26.34792106])]"
"Epochs : 400, mini batch size : 200, alpha 0.2, epsilon : 0.0025","[array([91.05925378]), array([[ 3.02322336],
       [-0.08312887],
       [-0.05292177],
       ...,
       [-1.18357587],
       [-1.0253217 ],
       [-1.23247795]]), array([17.59877684])]"
"Epochs : 500, mini batch size : 10, alpha 0.2, epsilon : 0.0025","[array([83.07231028]), array([[ 2.06676001],
       [ 0.39696629],
       [ 0.20465133],
       ...,
       [-0.5720689 ],
       [-0.92826309],
       [-0.87029663]]), array([38.98765046])]"
"Epochs : 500, mini batch size : 50, alpha 0.2, epsilon : 0.0025","[array([77.81804857]), array([[ 3.83546071],
       [-0.34532529],
       [-0.12605873],
       ...,
       [-0.99574225],
       [-1.39891128],
       [-1.55075527]]), array([35.50122392])]"
"Epochs : 500, mini batch size : 100, alpha 0.2, epsilon : 0.0025","[array([79.14526874]), array([[ 3.61064009],
       [-0.28104608],
       [-0.17116279],
       ...,
       [-1.17277588],
       [-1.29177546],
       [-1.52972625]]), array([29.09089543])]"
"Epochs : 500, mini batch size : 200, alpha 0.2, epsilon : 0.0025","[array([80.97261962]), array([[ 3.16830658],
       [-0.12300362],
       [-0.07636882],
       ...,
       [-1.1941334 ],
       [-1.08623723],
       [-1.30307004]]), array([20.31899844])]"
"Epochs : 100, mini batch size : 10, alpha 0.4, epsilon : 0.0025","[array([88.31291866]), array([[ 1.5324875 ],
       [ 0.50232664],
       [ 0.32922879],
       ...,
       [-0.50590421],
       [-0.74128592],
       [-0.69530949]]), array([36.68458005])]"
"Epochs : 100, mini batch size : 50, alpha 0.4, epsilon : 0.0025","[array([85.70793044]), array([[ 2.74048498],
       [-0.00992171],
       [ 0.00292237],
       ...,
       [-1.07058194],
       [-0.96637624],
       [-1.13476528]]), array([17.72672475])]"
"Epochs : 100, mini batch size : 100, alpha 0.4, epsilon : 0.0025","[array([89.22378321]), array([[ 2.61811765e+00],
       [ 7.26940200e-04],
       [ 2.57759688e-03],
       ...,
       [-1.09955293e+00],
       [-8.53691551e-01],
       [-1.05053568e+00]]), array([10.64280384])]"
"Epochs : 100, mini batch size : 200, alpha 0.4, epsilon : 0.0025","[array([99.24100918]), array([[ 2.39562253],
       [-0.05951562],
       [-0.05671599],
       ...,
       [-1.0610921 ],
       [-0.77162655],
       [-1.01206259]]), array([6.01839466])]"
"Epochs : 200, mini batch size : 10, alpha 0.4, epsilon : 0.0025","[array([180.73555201]), array([[ 1.50238475],
       [ 0.48641421],
       [ 0.30574114],
       ...,
       [-0.47644213],
       [-0.68937016],
       [-0.70361754]]), array([38.8133218])]"
"Epochs : 200, mini batch size : 50, alpha 0.4, epsilon : 0.0025","[array([83.22122874]), array([[ 2.99827688],
       [-0.05418436],
       [-0.02574251],
       ...,
       [-1.04265623],
       [-1.11141429],
       [-1.2782762 ]]), array([26.52594282])]"
"Epochs : 200, mini batch size : 100, alpha 0.4, epsilon : 0.0025","[array([82.61622756]), array([[ 2.89732678],
       [-0.05283922],
       [-0.03078678],
       ...,
       [-1.12886721],
       [-0.99251608],
       [-1.18042003]]), array([17.65257562])]"
"Epochs : 200, mini batch size : 200, alpha 0.4, epsilon : 0.0025","[array([92.06297872]), array([[ 2.6545979 ],
       [-0.01365971],
       [-0.0093866 ],
       ...,
       [-1.11888376],
       [-0.86785298],
       [-1.07458817]]), array([10.62427473])]"
"Epochs : 400, mini batch size : 10, alpha 0.4, epsilon : 0.0025","[array([97.63663243]), array([[ 1.52992373],
       [ 0.55451514],
       [ 0.39697683],
       ...,
       [-0.42887367],
       [-0.68068652],
       [-0.74672602]]), array([38.86208856])]"
"Epochs : 400, mini batch size : 50, alpha 0.4, epsilon : 0.0025","[array([103.86392929]), array([[ 3.21298184],
       [-0.07267044],
       [-0.00767647],
       ...,
       [-0.92176337],
       [-1.22661973],
       [-1.36748607]]), array([34.10285453])]"
"Epochs : 400, mini batch size : 100, alpha 0.4, epsilon : 0.0025","[array([82.18773632]), array([[ 3.28356816],
       [-0.16101464],
       [-0.10497136],
       ...,
       [-1.12224698],
       [-1.18028663],
       [-1.38732159]]), array([26.40400405])]"
"Epochs : 400, mini batch size : 200, alpha 0.4, epsilon : 0.0025","[array([91.1465432]), array([[ 2.98517875],
       [-0.07041473],
       [-0.0446854 ],
       ...,
       [-1.16699037],
       [-1.01408012],
       [-1.21554468]]), array([17.61067732])]"
"Epochs : 500, mini batch size : 10, alpha 0.4, epsilon : 0.0025","[array([82.81397014]), array([[ 1.48714672],
       [ 0.53287456],
       [ 0.30546229],
       ...,
       [-0.47607461],
       [-0.67167048],
       [-0.68617055]]), array([39.1707392])]"
"Epochs : 500, mini batch size : 50, alpha 0.4, epsilon : 0.0025","[array([76.57503503]), array([[ 3.2335262 ],
       [-0.08189348],
       [ 0.00637921],
       ...,
       [-0.84610759],
       [-1.23746842],
       [-1.34703206]]), array([35.74456416])]"
"Epochs : 500, mini batch size : 100, alpha 0.4, epsilon : 0.0025","[array([78.92143738]), array([[ 3.42238964],
       [-0.20113559],
       [-0.12452349],
       ...,
       [-1.10865506],
       [-1.239247  ],
       [-1.4501084 ]]), array([29.16264878])]"
"Epochs : 500, mini batch size : 200, alpha 0.4, epsilon : 0.0025","[array([81.05297011]), array([[ 3.12038495],
       [-0.10573476],
       [-0.0654266 ],
       ...,
       [-1.17421506],
       [-1.0723505 ],
       [-1.28189069]]), array([20.33500414])]"
"Epochs : 100, mini batch size : 10, alpha 0.8, epsilon : 0.0025","[array([81.84117748]), array([[ 1.06367354],
       [ 0.5073422 ],
       [ 0.35135594],
       ...,
       [-0.37544992],
       [-0.5352096 ],
       [-0.49995908]]), array([37.19563509])]"
"Epochs : 100, mini batch size : 50, alpha 0.8, epsilon : 0.0025","[array([85.38559303]), array([[ 2.48893832],
       [ 0.07127306],
       [ 0.05563813],
       ...,
       [-0.96053633],
       [-0.88856313],
       [-1.02222729]]), array([17.81576318])]"
"Epochs : 100, mini batch size : 100, alpha 0.8, epsilon : 0.0025","[array([89.33432089]), array([[ 2.5457137 ],
       [ 0.01949355],
       [ 0.01568364],
       ...,
       [-1.06452806],
       [-0.83069437],
       [-1.01707407]]), array([10.65936855])]"
"Epochs : 100, mini batch size : 200, alpha 0.8, epsilon : 0.0025","[array([99.58218443]), array([[ 2.37699646],
       [-0.05529408],
       [-0.05344699],
       ...,
       [-1.05159116],
       [-0.76537462],
       [-1.0029796 ]]), array([6.02094645])]"
"Epochs : 200, mini batch size : 10, alpha 0.8, epsilon : 0.0025","[array([183.33278624]), array([[ 1.06412712],
       [ 0.49282269],
       [ 0.31749246],
       ...,
       [-0.38625154],
       [-0.51245116],
       [-0.50382337]]), array([39.04858403])]"
"Epochs : 200, mini batch size : 50, alpha 0.8, epsilon : 0.0025","[array([82.89885939]), array([[ 2.55581264],
       [ 0.11544248],
       [ 0.0767194 ],
       ...,
       [-0.88080832],
       [-0.97905713],
       [-1.08523049]]), array([26.72339983])]"
"Epochs : 200, mini batch size : 100, alpha 0.8, epsilon : 0.0025","[array([82.55912361]), array([[ 2.75694280e+00],
       [-6.56900595e-03],
       [-7.27855086e-04],
       ...,
       [-1.06772813e+00],
       [-9.50652489e-01],
       [-1.11799953e+00]]), array([17.69891804])]"
"Epochs : 200, mini batch size : 200, alpha 0.8, epsilon : 0.0025","[array([92.27968341]), array([[ 2.61737064e+00],
       [-3.96927800e-03],
       [-2.59406192e-03],
       ...,
       [-1.10086783e+00],
       [-8.56073230e-01],
       [-1.05736937e+00]]), array([10.63266943])]"
"Epochs : 400, mini batch size : 10, alpha 0.8, epsilon : 0.0025","[array([98.31880525]), array([[ 1.09838563],
       [ 0.55620949],
       [ 0.40538255],
       ...,
       [-0.32794446],
       [-0.49125336],
       [-0.53034915]]), array([39.05375143])]"
"Epochs : 400, mini batch size : 50, alpha 0.8, epsilon : 0.0025","[array([101.99103336]), array([[ 2.51113403],
       [ 0.21013544],
       [ 0.14733273],
       ...,
       [-0.7278323 ],
       [-1.01876731],
       [-1.09870363]]), array([34.44726418])]"
"Epochs : 400, mini batch size : 100, alpha 0.8, epsilon : 0.0025","[array([81.52470897]), array([[ 3.01311982],
       [-0.05276687],
       [-0.0393653 ],
       ...,
       [-1.02337832],
       [-1.10265528],
       [-1.27040225]]), array([26.51173706])]"
"Epochs : 400, mini batch size : 200, alpha 0.8, epsilon : 0.0025","[array([91.29222922]), array([[ 2.91105694],
       [-0.0458077 ],
       [-0.02872401],
       ...,
       [-1.13469548],
       [-0.99212448],
       [-1.1825729 ]]), array([17.63425222])]"
"Epochs : 500, mini batch size : 10, alpha 0.8, epsilon : 0.0025","[array([83.24461434]), array([[ 1.06871648],
       [ 0.53912849],
       [ 0.33713317],
       ...,
       [-0.3570195 ],
       [-0.47524412],
       [-0.49893587]]), array([39.37303569])]"
"Epochs : 500, mini batch size : 50, alpha 0.8, epsilon : 0.0025","[array([75.2845653]), array([[ 2.45302614],
       [ 0.23376691],
       [ 0.17115531],
       ...,
       [-0.65923044],
       [-1.00857385],
       [-1.07530294]]), array([36.12196636])]"
"Epochs : 500, mini batch size : 100, alpha 0.8, epsilon : 0.0025","[array([78.52401817]), array([[ 3.08939918],
       [-0.06320427],
       [-0.0432535 ],
       ...,
       [-0.99577486],
       [-1.14456836],
       [-1.30929128]]), array([29.29868055])]"
"Epochs : 500, mini batch size : 200, alpha 0.8, epsilon : 0.0025","[array([81.18095215]), array([[ 3.02759225],
       [-0.07255388],
       [-0.04436389],
       ...,
       [-1.13567437],
       [-1.04536595],
       [-1.24090443]]), array([20.36663631])]"
